Id,avg_sleep_duration,avg_heart_rate
2026352035,506.1786,93.7763
2347167796,446.8000,76.7228
4020332650,349.3750,82.3006
4388161847,403.1250,66.1330
4558609924,127.6000,81.6739
5553957443,463.4839,68.6331
5577150313,432.0000,69.5645
6117666160,478.7778,83.7499
6775888955,349.6667,92.0296
6962181067,448.0000,77.7240
7007744171,68.5000,91.1238
8792009665,435.6667,72.4875
