Id,avg_heart_rate,avg_steps
2022484408,80.2369,11370.6452
2026352035,93.7763,5566.8710
2347167796,76.7228,9519.6667
4020332650,82.3006,2267.2258
4388161847,66.1330,10813.9355
4558609924,81.6739,7685.1290
5553957443,68.6331,8612.5806
5577150313,69.5645,8304.4333
6117666160,83.7499,7046.7143
6775888955,92.0296,2519.6923
6962181067,77.7240,9794.8065
7007744171,91.1238,11323.4231
8792009665,72.4875,1853.7241
8877689391,83.6112,16040.0323
